role,private_key,public_key,name,timestamp
"Doctor","1234","5678","Doctor One","2024-03-01 01:23:45.678000"
"Patient","2345","6789","Patient One","2024-03-02 11:00:00.000000"
"Doctor","3456","0003","Doctor Two","2024-03-03 03:00:00.000000"
"Patient","4567","0004","Patient Two","2024-03-04 12:00:00.000000"
"Doctor","1234","5678","Doctor Three","2024-03-05 05:23:45.678000"
"Patient","2345","6789","Patient Three","2024-03-06 14:00:00.000000"
"Doctor","5678","0005","Doctor Four","2024-03-07 04:30:00.000000"
"Patient","6789","0006","Patient Four","2024-03-08 17:00:00.000000"
"Doctor","1234","5678","Doctor Five","2024-02-27 07:23:45.678000"
"Patient","2345","6789","Patient Five","2024-02-28 04:00:00.000000"
"Doctor","1234","5678","Doctor Threeasdqdw","2024-04-09 18:37:14.768125"
"Patient","2345","6789","Patient Threeqw","2024-04-09 21:40:44.777566"
"Doctor","1234","5678","Doctor Chan","2024-04-09 21:44:01.404851"
